"Project Name ",Categories," Live Status",Offices,Project Manager,Technology," Front End"," Back End"," Description",Demo,iOS LINKS,Android Links,Web Links," Design Link Available?",Design Link," API's or SDKs",Clutch Portfolio Page Designs Done," Added to Portfolio Page",Added to Portfolio,Case Study Created,Status on Clutch,Industry,Discovery Brief,Wireframes,android link
TascTowers,,Not Live,,,,,,"TASC Towers is the leading independent telecommunications tower company in the Middle East and North Africa (MENA) region. We started as a passive infrastructure services company with a focus on site acquisition, tower construction and maintenance, supporting mobile operators in enhancing their network coverage and capacity. Since then, we have transformed our operations into a full-service, industry-leading, international telecommunications tower company. We finance, build, own, and operate digital infrastructure across the Middle East and North Africa. Information and cyber security on internal systems is imperative, and TASC focuses on a single, centralized platform for business operations.",,,,,,,,,,No,,,,,,
"Fortuna AI ",,Live,,,,,,"Fortuna AI partnered with Valere to create a platform that addresses the multifaceted challenges businesses encounter in navigating complex tax landscapes. Traditional tax planning methods often fall short due to manual processes, outdated techniques, and the overwhelming volume of evolving tax regulations. This project recognizes these challenges as significant barriers to effective tax strategy implementation. The platform leverages the power of AI to revolutionize tax planning by automating tasks, analyzing vast data sets, and generating customized strategies tailored to each business's unique circumstances. Businesses using Fortuna AI gain a competitive edge by minimizing tax liabilities, maximizing savings, and allocating resources more efficiently. By streamlining processes, providing accurate insights, and enabling proactive planning, Fortuna AI empowers businesses to thrive in an ever-changing economic environment.",,https://fortunai.co/home/,,,,,,,,No,,,,,,
"CloneHub ","ChatGPT, artificial intelligence, augmented reality, avatar, chat features, voice chat",Not Live,,,,,,,,,,,,,,,,No,,,,,https://www.figma.com/file/0J55u6jQNLnUUozlcphN29/CloneHub?type=design&mode=design&t=Ol7yAd5D4yhRQMtB-0,
Absolut.,"Education, Trivia, barcode scanning capabilities, food and drinks, pre-recorded videos, recipes",Live,Uruguay,Juan & Mavi,iOS & Android,Flutter,,"Drinkspiration is an app created for Abolut., an adult beverage company that’s recognized around the work. This app offers 3,500+ recipes, educational content/videos, and several great features like advanced filtering systems. Their app is standing strong at a five star rating.",,https://apps.apple.com/se/app/drinkspiration-by-absolut/id320379903,https://play.google.com/store/apps/details?id=com.absolut.drinkspiration.android,,,,,,,No,,,,,,
Sodimac Peru- 3D Paddle Game with Summer Products,"games, marketing, virtual platform",Live,Peru,Carlos,,,,"through virtual reality lenses, users participate in a tropical rowing experience designed to have them reach an island through real physical effort. As they progress through the experience they come across advertised summer products and native coastal animals such as seagulls, dolphins and whales.",,,,https://youtu.be/0Tpy7w8coUM,,,,,,No,,,,,,
Lotto Project,games,Live,India,,,,,"Lotto has streamlined, automated and decentralised lotteries

",,,,,,,,,,No,,,,,,
TM8,"games, gaming, matchmaking, personalized matches",Not Live,Uruguay,,,,,"TM8 is a global gaming matchmaking service designed to enhance the gaming experience by pairing players with teammates who share their skill level and gaming style. By addressing common pain points in online gaming, TM8 aims to create a more enjoyable and balanced gaming environment.",,,,,,,,,,No,,,,,,
Jumpstart Tutors,"Education, Education web portal, gamification",Not Live,,,,,,,,,,,,,,,,No,,,,,https://xd.adobe.com/view/1faddd5f-fe5e-4147-9bd9-d4e60f011009-4afe/screen/5e1f0a4e-3647-40e4-9ef9-885799b5754b?fullscreen&hints=off,
AccessK12,"Education, adaptive learning, career pathways, cloudbased, custom onboarding, custom quiz, ecosytem, ed tech platform, feeds, guidance, modules, parents, skill builder, students, survey, teachers, video streaming",Live,India,Ayush/Saurabh Acharya,iOS & Android,React Native,PHP,"ACCESS is a community-wide coordinated, cutting edge, cloud based ecosystem designed to open the door of opportunity and career pathway for each student by strengthening each student’s ability to succeed in the 21st Century. We created their apps to accompany their existing web portal. They have partnered with 12 institutions since launching.  ",,https://apps.apple.com/in/app/accesslife/id1578739636,https://play.google.com/store/apps/details?id=com.startech.accesslife,,Yes,https://www.figma.com/file/BpoWApqRZPfEZv3ie5XSKb/Access-K12,,,Yes,No,,Posted,education,,,
CourseCast 🔸,"Education, classes, course creator, ed tech platform, online courses",Not Live,India,Ayush,Laravel,,,"A SaaS platform for creating and selling online courses. CourseCast is a comprehensive e-learning platform that offers a user-friendly interface for viewing and managing courses. Its access control features, including various restriction options, prioritize data privacy and security. Additionally, CourseCast allows users to create, delete, and update users and customers, as well as create separate business accounts with their admin panels for managing users and content. The platform also offers graphical data visualization, allowing users to track and categorize data on a weekly, monthly, or yearly basis. Overall, CourseCast seems to provide a robust and versatile solution for online learning and business management.",,,,,Yes,https://www.figma.com/file/lgNZStAv8QNSrAJPI5kP5A/Coursecast?type=design&node-id=0-1&mode=design,,,,No,,,education,https://docs.google.com/document/d/1ES5Ai6cyHZ8UXbkzo2njVFYWRtpcmOgokKPWkDh5el8/edit#heading=h.4wvpivxh85by,,
GABA,"Education, career pathways, coach, curated content, data analysis, interactive, network, social, social media, students, teachers",Live,Uruguay,Juan & Mavi,iOS & Android,Flutter,,"Over 2,000 students use the GABA app to be matched to mentors, tutors, and coaches and earn money for supporting other students. It’s more than just networking – build lifelong connections that will help you stay sane in the process",,https://apps.apple.com/us/app/go-gaba/id1572336318,https://play.google.com/store/apps/details?id=co.gogaba.app&hl=en_US&gl=US,,,,,,,No,,,,,,
Mandarin Show x,"Education, content enabled platform, entertainment, language learning, netflix-like platform, video streaming",Live,India,Kajal,iOS Native,Swift,Laravel,"We helped create a fun and new way to learn Mandarin by using entertaining videos instead of boring language learning practices! After launch, this founder was able to raise seed capital.",,https://apps.apple.com/us/app/mandarin-show/id1509689319,NA,https://themandarinshow.com/,,,,,Yes,No,,Posted,education,,,
c,"Education, crypto, defi",Not Live,Croatia,Patrik,"Website ",,,SCCI.club is simulated cryptocurrency trading platform. SCCI.club will simulate trading that will be reflective of marketing pricing. The site is designed to educate and will contain a lot of pop-up vtext boxes and videos,,,,,,,,,,No,,,,,https://www.figma.com/proto/lYWG1GmfUm2TZeZC6PNcvr/SCCI---HIGH-FIDELITY?page-id=4%3A8&node-id=697-22159&viewport=-5940%2C8674%2C0.17&scaling=scale-down-width&starting-point-node-id=809%3A86775,
UbiCoach,"Coaching, Education, booking, business services, career, health and wellness",Not Live,,,Website,Angular,Node JS,UbiCoach connects Clients with Coaches who can help guide them through their personal and professional growth.,,,,https://www.ubi.coach/,,,,,,No,,,,,,
"Datalux ","Accounting, Banks, Book keeping, Real-time reporting, Transact, artificial intelligence, cloudbased, database, finance, report generating, sales",Live,Croatia,Patrik,website,React.js,,"Datalux is a time-saving tool that automates manual reconciliation and reporting tasks for users. It is specifically designed to handle omni-channel multiple marketplaces and can seamlessly integrate with various financial statements from multiple bank, payment providers, and processors.",https://youtu.be/-9eZFTDplz0,,,https://www.datalux.com/,Yes,https://www.figma.com/file/kwrfwHCQ9rEE2tNzVJVRhN/Datalux---UI?node-id=0-1,,,,No,,,,,,
Short Maker🔺,"ChatGPT, artificial intelligence, consumer products and services, entertainment, programatic audio, video streaming",Live,Croatia,,,,,"We recently created a platform that takes raw form video and edits it into shorts that are under 1 minutes. Using ChatGPT edits content into highly engaging shorts without human involvement that engages with audiences on YouTube, Facebook, TikTok and other platforms that using short form video.",https://drive.google.com/file/d/1q8f51qb_K-D5v7nCDhUQ0GuUX_4xE90M/view?usp=drive_link,,,,Yes,https://www.figma.com/file/IUugb2S7jXHxaa0vTrNDFy/Shortmaker-AI---UI-v3?node-id=1302%3A5349&t=ZpDy33tKagkiKXbo-1,,,,No,,,,,,
Horror Max,"netflix-like platform, video streaming",Live,Peru,,website,,,"HORRORMAX is a subscription service built for the true lover of all things horror. With over a thousand films in all niches of the horror genre and new content added weekly, look no further than HORRORMAX. ",,,,https://www.horrormax.com/catalog,,,,,,No,,,,,,
Akybay,"book services, chat features, marketplace, purchase, retail, shopping",Not Live,Uruguay,Juan & Mavi,iOS & Android,Flutter,Ruby on Rails,"Akybay is a marketplace in which you can find all of your local stores. You can not only book and buy your favorite products and services, but also ask questions to the stores in just one click. Enjoy the smoothest experience by directly talking with the employees through the built-in chat. Akybay helps neighborhood stores and their communities to shop more easily. ",,,https://play.google.com/store/apps/details?id=com.akybay&hl=nl&gl=US,,,,,,,No,,,,,,
Mowsse (Aven Hollo) Brian Culwell,"crypto, marketplace, nft",Not Live,India,,,,,"We helped Mowsse create the first complete NFT marketplace and auction house for real artists. We also helped them create their own Crypto Currency which is used to make purchases on platform: BLOK. That is why we really created an entire blockchain ecosystem. Mowsse recruits and verifies famous artists who turn their work into NFT’s. Consumers can shop around, and list their own NFT’s up for sale and auction. Their next major artist they are getting on the platform is J Lo",,,,https://mowsse.com,,,,,,No,,,,,,
Qi3P,"consumer products and services, marketplace",Live,India,,Mobile,Flutter,NodeJS/PHP,"QI3P are disrupting the Consumer industry with our groundbreaking solutions and business ideas. Propelled by our Quest for Insightful, Ethical and Purpose-driven innovations, we aspire to change the way the industry operates. We augmented their existing team to build their marketplace that focused on  establishing trust and connections between users",,,,https://www.qi3p.com/,,,,,,No,,,,,,
Artesco- Coloring App Talenrtolandia,"augmented reality, children",Live,Peru,Carlos,,,,"ARTESCO is an application for children where you print and color your favorite monsters, then bring them to life in 3D through the use of an app. The app is able to detect the colors used to fill in the monster and uses that information to generate its 3D replica.",https://www.youtube.com/watch?v=gS4P4ei_XZ4,,,https://youtu.be/gS4P4ei_XZ4,,,,,,No,,,,,,
Show Looney Tunes AR,"augmented reality, children, marketing",Live,,,,,,Animated Looney Tunes’ characters pose for a photo with participants in a toilet paper marketing event.,,,,"https://youtu.be/LDtSAWQrrSQ
",,,,,,No,,,,,,
KODA🔺,"children, food, gamified, reward system",Not Live,Croatia,,,,,,,,,,,,,,,No,,,,https://drive.google.com/file/d/1TCKUtU9S1nQAlwbiT0ziiQfPpUsG09OK/view?usp=share_link,,
Magic Cubes- App merchendising AR,augmented reality,Live,Peru,Carlos,,,,Magic Cubes is a mobile app developed for the annual augmented reality convention AWE 2015 in Silicon Valley. Magic cubes were distributed to guests at the main entrance. Users were granted access to 4 animated characters that had Pokemon-like powers. Users could engage their characters in battle by combining it with an opponent's cube.,,,,https://youtu.be/zAMfIpFxXVQ,,,,,,No,,,,,,
Atomic Pilates,"booking, calendar feature, classes, consumer products and services, content enabled platform, fitness and health, health and wellness, live streaming, pre-recorded videos, profile, schedule",Live,India,Samreen,,Flutter,Laravel,"Fitness application with live classes and pre-recorded videos. ",,https://apps.apple.com/us/app/atomic-pilates/id1552340465,,,,,,,Yes,No,,,fitness,,,
Beats Fitness,"athletes, classes, consumer products and services, fitness and health, health tool, music, on-demand videos, pre-recorded videos",Live,India,Guy,iOS Native,Swift,Ruby on Rails,,,https://apps.apple.com/us/app/beats-fitness/id1313092369,,,,https://apps.apple.com/us/app/beats-fitness/id1313092369,,,,No,,,fitness,,,
"Liftoff ","blog, chat features, data tracking, feeds, find people, fitness and health, health and wellness, leader board",Live,India,DD,iOS & Android,React Native,Laravel,"Lift Off is a Free Mobile App that provides a platform for athletes & work out enthusiasts to track and compete amongst friends and other app users. It has a workout blog/news feed, a built-in fitness tracker, a way to directly compete with friends and a unique user profile.",,https://apps.apple.com/us/app/lift-off-health-wellness/id1587121707,,,,,,,Yes,No,,,fitness,,,
Game Gym🔸,"booking, data tracking, database, fitness and health, health and wellness, learning platform, pre-recorded videos, reward system, training resources",Live,Peru,"Carlos, Gonzalo, Antonio",,Flutter,NodeJs + MongoDB,"Game Gym is the premier esports learning platform, offering tailored training for gamers at all levels. With guided video workouts across popular titles like Rocket League, Super Smash Bros, and more, their platform fosters a healthy and balanced approach to gaming.
Key Features include: Diverse Esports Training,  Exclusive Competitions, Community Engagement, Gaming Rewards, Private Coaching, and Healthy Gaming Resources. 

We worked on their project from scratch. Since launching, they have forty five star ratings on the app store and have been able to raise a round of funding. They’ve partnered with us for the long-haul and as commitment to their success, we have invested in them ourselves. 

",https://youtu.be/dZiOtX1zI_M,https://apps.apple.com/us/app/game-gym/id1666706777?platform=iphone,https://play.google.com/store/apps/details?id=valere.com.game_gym_app,,,,,,,No,,,,,,
Srama,"biomedical research, calculator, fitness and health, goal setting, health and wellness, nutrition",Not Live,India,Manish,,,,"Its a Health tracking, fitness tracking and meal management application, which includes the data fetching of apple watch and display in graphical representation in the application. In this application user can set the goal loss goal and according to that user can plan the meal and manage the meals accordingly. User can track his/her fat loss, meal consumption, active energy, basal energy fetched from the apple watch.Apart from this application includes the push notification, third party workout energy calculation api’s, user profile setup and general features.",,,,,Yes,https://www.figma.com/file/evBFOfRQRXjn0oMGhTHGGT/Srama-MVP?type=design&node-id=3443-56636&mode=design&t=1vwPgy98tjJXHJr8-0,,,,No,,,,,,
FITT ?,"IoT, fitness and health",Not Live,India,DD,,,,"State-of-the-art fitness application designed to push you to your best self.
Ochsner Fitness Center uses the Health app that is pre-installed on your iPhone to sync nutrients and workouts data. Because of this, the app will ask you to grant read and write access to your nutrients and workouts data.
Your Health sync data is only visible to you and is not sent to anyone but yourself.",,https://apps.apple.com/us/app/fitt-lab-powered-by-ochsner/id1501831231,,,,,,,,No,,,,,,
Fitivity,"LTV optimization, advanced filtering, athletes, audio coach, consumer products and services, content enabled platform, custom build, download content, native streaming, programatic audio, sports, video streaming, virtual training",Live,India,Guy,iOS Native,Swift,Ruby on Rails,Collection of 200+ sports and fitness applications that host video and audio workout content,,https://apps.apple.com/us/app/fitivity-athlete-training/id1382399572,https://play.google.com/store/apps/collection/cluster?clp=igM4ChkKEzkwNzM3MDExOTg0MDM0Njc3NTMQCBgDEhkKEzkwNzM3MDExOTg0MDM0Njc3NTMQCBgDGAA%3D:S:ANO1ljJ_qak&gsr=CjuKAzgKGQoTOTA3MzcwMTE5ODQwMzQ2Nzc1MxAIGAMSGQoTOTA3MzcwMTE5ODQwMzQ2Nzc1MxAIGAMYAA%3D%3D:S:ANO1ljLNtuE,,,,,,,No,,Posted,fitness,,,
Pratice with pros,consumer products and services,Not Live,India,,,,,Web and mobile apps for baseball players to submit videos to coaches to analyze and provide feedback. After building their apps they were able to partner with veteran company V1 Sports,,,,,,,,,,No,,,sports,,,
TymeWear,consumer products and services,Live,,,,,,Smart athletic clothing that syncs with BLE app,,,,,,,,,,No,,,iot,,,
"Vybe ","consumer products and services, feeds, interactive, social media, social network",Live,India,Ayush,iOS,Swift,PHP,Social networking mobile application (only launching in IOS for now),,https://apps.apple.com/in/app/vybe-social/id1574283636,,,,,,,Yes,No,,,social networking,,,
"AVDA ","business services, data privacy, filter function, hiring platform, job search, recruiting platform, recruitment, screening platform, security practices, service industry",Live,India,DD,iOS & Android,React Native,node.js,"AVDA is a modern recruitment platform for job seekers and employers that helps them find their perfect match based on specified criteria. Matching technology incorporates advanced filtering functions to automatically identify candidates with the right skills and competencies, simplifying the process of recruitment, screening and hiring for employers. It simultaneously provides employees with suitable job opportunities. 
They have been featured by Fox, USA Today, Digital Journal, Daily Herald, and more. ",,https://apps.apple.com/us/app/avda-find-jobs-careers/id1553256516,https://play.google.com/store/apps/details?id=com.avda.avdajobs&hl=en_US&gl=US,,,https://www.figma.com/file/CbJLuvVpnA9NEDyhcYvKB3/AVDA-(full-prototype)?node-id=520%3A5446,,,,No,,Posted,Jobs,,,
Guardraill🔹,"SaaS, UX/UI, security practices, web3",Live,Croatia,Patrik,"Website ",,,"Guardrails is a comprehensive cybersecurity solution that protects organizations from data breaches and security threats. We contributed the UX/UI for Guardrail, a Saas for Web3 companies to manage security. Through the use of thoughtful design, we managed to present complex data in a way that is both user-friendly and easy to navigate.

",,,,https://www.guardrails.io/,Yes,https://www.figma.com/file/28qmFHcfJJ2PkrAE2rjm91/Guardrail---UI-(High-fidelity)?node-id=2%3A5,,,,No,,,"SaaS, Security ",,,
Beeline Transport Hive,"ERP, GPS/ geolocation, Management tool, SaaS, consumer products and services, dashboard, data tracking, delivery optimization, delivery service, dispatch/driver, inventory management, retail shipment, tracking capabilities, transportation, utilities",Live,India,,iOS & Android,React Native,Laravel,"Beeline Transport Hive is an end-to-end management platform for mobile and web that delivers high ticket items for retailers. It allows dispatchers to schedule and assign shipments and drivers could access information regarding their current and previously assigned shipments. ","https://www.youtube.com/watch?v=vHLC8aeo8-0, https://drive.google.com/file/d/1RfI7clH7mwOV6cmTsvSs6qoVXcjp-O_T/view?usp=sharing, https://drive.google.com/file/d/1_QeRSIFSfZ92M6PaPY6mj1LmXWEYTh2n/view?usp=sharing",https://apps.apple.com/us/app/driver-bee-line/id1561030503,"Dispatcher: https://play.google.com/store/apps/details?id=com.hivedispacher
Driver: https://play.google.com/store/apps/details?id=com.beeline.driver
Manager: https://play.google.com/store/apps/details?id=com.beeline.inventorymanager",,,"https://www.figma.com/file/zPU2aAK04ITutTRDva300k/BeeLine-Inventory-Manager-Mobile?node-id=0%3A1

https://www.figma.com/file/uNmwKLfFwEgFHoal0ycRMR/BeeLine-Dispatcher-Mobile

https://www.figma.com/file/zLbTFlNxd8VPQhAhQglQx8/BeeLine-Driver-Mobile",,,Yes,Yes,Portfolio%20Log%20c69b905540664ebbafa04ab3d968184f/Valere_Labs_X_Bee_Line__(1).pdf,,SaaS,,,
Bild it,"Management tool, SaaS, chat features, cms, construction, planning and coordinating, recruiting platform, recruitment",Live,India,Saurabh Acharya,Flutter with Codeignitor backend,Flutter,Codeignitor,"A SaaS mobile and web application for construction companies and blue-collar industries to manage projects, work with clients, hire subcontractors and track work. Whether you are building a house, renovating a room, or extracting lead, this application will help you from beginning to end. ",,https://apps.apple.com/in/app/bild-it/id1540084736,https://play.google.com/store/apps/details?id=com.bildit,https://www.bilditapp.com/,NA,https://drive.google.com/drive/folders/1RXPmSkbgsGqUd5n3koOuooEpc0KTI0wB?usp=sharing,,,Yes,No,,,construction,,,
,,Not Live,,,,,,,,,,,,,,,,No,,,,,,
"Everyday CO🔺 ","SaaS, b2b, business tool, organization, project management, virtual whiteboarding",Live Soon,Croatia,Andelo Brzoja,Web app,React + Typescript,"AWS, Node, Redis, Mongo, Mysql",,,,,,,,,,,No,,,SaaS,,,
Everyday CO🔺,"SaaS, business tool, organization, project management, virtual whiteboarding",Not Live,Croatia,Andelo & Patrik,Website,React + TypeScript,"Node.js + Next.js, TypeScript",SaaS platform for some of the largest U.S brands to make better marketing decisions,,,,,,,,,,No,,,SaaS,,,
SparkPE GOPHERSports,"Education, SaaS, curriculum, fitness and health, sports",Live,India,,,,,"SPARK PE is the World's Most Researched Physical Education & Physical Activity Programs. SPARK has been honored as an Exemplary Program of the U.S. Department of Education, cited in the Surgeon General’s Report as a “School-based solution to our nation’s healthcare crisis,” earned a “Governor’s Commendation,” and in 2005, was awarded “Gold” (highest ranking) for their elementary and middle school PE programs in an independent study commissioned by the Cooper Institute. SPARK is the ONLY program to earn “PE Gold” for grades K-8.

They offer comprehensive, research-backed solution for schools and educational institutions aiming to improve student health, physical activity, and overall wellness. Its diverse range of programs, proven effectiveness, and inclusive approach make it a valuable resource in the field of physical education. 

After taking over one of their tasks, Valere became their go-to software development provider.  We now handle all of their tech projects. ",,,,https://sparkpe.org,,,,,,No,,,,,,
Telem PPN - Mobile,"Fintech, global hub, market-leading platform, mobile airtime and data, mobile operators, network of carriers/ distributors, scalable platform, telecom, utilities",Live,India,Ayush,iOS & Android,React Native,Laravel,"Prepay Nation is a rapidly growing fintech company that facilitates the transfer of mobile airtime and data across international borders for millions of customers. We helped PrePayNation create groundbreaking technology! Valere  built their social Venmo-esq mobile apps from scratch that helps their customers top up their mobile plans and gift mobile minutes and data to friends and family.
","https://www.youtube.com/watch?v=5z9BTwyY8Xg, https://drive.google.com/file/d/1Aczr6emlNfIn0jQeVurGpX02j12HLW-e/view?usp=drive_link, https://youtu.be/wnZwHdsPkvc",https://apps.apple.com/us/app/telcell-topup/id1483578030,WIP,https://www.telemgroup.sx/,,https://drive.google.com/drive/u/0/folders/1dMQQMrJtZwfEm5XQehmlQxs4nGrluBam,,,Yes,Yes,,,ecommerce,,,
Telem PPN - Web,"Fintech, global hub, market-leading platform, mobile airtime and data, mobile operators, network of carriers/ distributors, scalable platform, telecom, utilities",Live,India,Ayush,"Web ",Next JS,Node.js,,,NA,NA,https://www.telemgroup.sx/,,,,,Yes,Yes,,,,,,
Berrinche,"data analysis, data tracking, health tech, health tool, pediatrics",Not Live,Uruguay,Juan & Mavi,iOS & Android,Flutter,Ruby on Rails,"Berrinche's main purpose is to help people with ASD and attention deficit disorder. It allows you to track information about their meltdowns in order to analyse them, discover their causes, and figure out how to treat and modify them. ",,,https://play.google.com/store/apps/details?id=com.tantrum.berrinche&hl=en_US&gl=US,,,,,,,No,,,Health and Wellness,,,
John Hopkins - Elise (Safety In Seconds),"Education, classes, curated content, health tech, report generating",Not Live,Uruguay,Juan & Mavi,"iOS, Android and web",Flutter,Java,The Safety in Seconds™ (SIS) app can help you keep your family safe from some of the leading causes of injury. SIS has two parts: one on car seats for kids and one on home fire safety for the whole family. Each part gives you a safety report tailored to your needs and based on what you tell us about your children and yourself.,,,,,Yes,https://www.figma.com/file/NfoTKqDnoAQajLfWAyH3y8/Safty-in-seconds?node-id=0%3A1,,,,Yes,,,,,https://www.figma.com/file/NfoTKqDnoAQajLfWAyH3y8/Safty-in-seconds?node-id=0%3A1,https://play.google.com/store/apps/details?id=com.james.casegmail.com.sis&hl=en_GB
Johns Hopkins University / Lucidity,"alzheimers, biomedical research, data privacy, games, health tech, healthcare, research group",Not Live,Croatia,Andelo,"Web and mobile app ",React + Flutter,"Node.js + Next.js, TypeScript","We partnered with Johns Hopkins University Medical school (Kuchibhotla Lab) to combat Alzheimer’s disease. We helped doctors and scientists at JHU to design an application that allows Alzheimer’s patients to play “brain games” on a tablet or smartphone, all while bio-medical devices gather patients' biometrics. The web service compares the data from the patients biometrics in real time with the brain games results — to ultimately produce new Alzheimer’s data that is pivotal to finding a cure for this disease.  Due to the application’s success, JHU has received further funding from the University and has partnered with us to continuously add new features to the application over the next few years.","https://drive.google.com/file/d/13Fq3wbXILqDzuNVx6Vh9NgrG-SbTg0EI/view?usp=sharing, https://www.youtube.com/watch?v=aK05HCa-0LE",,,https://valerelabs.medium.com/combating-disease-through-innovation-and-mobile-app-design-5397151fc1b5,Yes,https://www.figma.com/file/Q71vt4FLQxl08T32a8ONDK/Lucidity-UI?node-id=1014%3A47657,,,,No,,,"Mental health care ",,https://www.figma.com/file/Q71vt4FLQxl08T32a8ONDK/Lucidity-UI?node-id=1014%3A47657,
Rootines,health tech,Live,Uruguay,Juan & Mavi,iOS & Android,Flutter,,"Rootines is a patient engagement platform for Pediatric Behavioral Health and Development Disorders that supports remote patient monitoring to improve care outcomes. Focused on data collection and identifying insights, Roootines connects care teams to faciliate patient reported outcomes. Rootines is built for use by parents, healthcare facilities, therapy offices, and other caregivers that support the health of individuals with chronic behavioral health conditions. ",,https://apps.apple.com/us/app/rootines-by-asd-ai/id1558391370,https://play.google.com/store/apps/details?id=app.rootines.android,https://www.rootines.app/,,,,,,No,,,,,,
Blue,"Fintech, data analysis, data tracking, investment analysis, stock market, stock trading",Not Live,Croatia,Patrik,"Website ","React ","Node.js + Next.js, Typescript","Blue is a cloud-based software for investment analysis meant to be used mainly by professional investors who are involved in stock trading. The main purpose of Blue is to create a tool that improves efficiency, usability, and cost of the existing offerings such as Bloomberg, FactSet, and Senteio. Blue will offer a very simple and easy-to-use web design that provides clean, high-quality data for its users. ",,,,,Yes,https://www.figma.com/file/znEIKTvZ8sU0q8u27cqv1p/Blue---UI?node-id=1%3A2,,,,No,,,Finance,,,
Groth,"Fintech, finance",Live,Croatia,Andelo Brzoja,Mobile app,Flutter,Node + Nest.js,"Fin-tech app to help users budget and plan their future for financial success.GROTH is like having a Personal Finance Advisor in your POCKET! Groth allows users to manage their cash flow all in one place and be able to see their previous, current, and future at a glance and easily create and achieve financial goals through customized solutions. ","https://www.youtube.com/watch?v=7FLSti935V4, https://drive.google.com/file/d/18vyXz6RdeSfBIUiT81676U33VJB9GIbD/view?usp=sharing, https://youtu.be/-SpZMQ-_-EQ",https://apps.apple.com/us/app/gr%C3%B4th-virtual-money-mentor/id1627286829,https://play.google.com/store/apps/details?id=com.grothapp.groth&pli=1,https://grothapp.com/,,https://www.figma.com/proto/XbpC0d8RR8MhJimg2LALGY/GrothApp?page-id=327%3A2&node-id=858-21262&viewport=360%2C48%2C0.11&scaling=scale-down&starting-point-node-id=858%3A18743&show-proto-sidebar=1,,,,No,Portfolio%20Log%20c69b905540664ebbafa04ab3d968184f/Valere_Labs_X_Groth.pdf,,Finance,,,
Groth,"Fintech, finance",Live,Croatia,Andelo & Patrik,"iOS + Android app ","Flutter ","Node.js + Next.js, TypeScript",Fin-tech app to help users budget and plan their future for financial success.,"https://www.youtube.com/watch?v=7FLSti935V4, https://drive.google.com/file/d/18vyXz6RdeSfBIUiT81676U33VJB9GIbD/view?usp=sharing, https://youtu.be/-SpZMQ-_-EQ",https://apps.apple.com/us/app/gr%C3%B4th-virtual-money-mentor/id1627286829,https://play.google.com/store/apps/details?id=com.grothapp.groth&pli=1,https://grothapp.com/,,https://www.figma.com/proto/XbpC0d8RR8MhJimg2LALGY/GrothApp?page-id=327%3A2&node-id=858-21262&viewport=360%2C48%2C0.11&scaling=scale-down&starting-point-node-id=858%3A18743&show-proto-sidebar=1,,,,No,Portfolio%20Log%20c69b905540664ebbafa04ab3d968184f/Valere_Labs_X_Groth%201.pdf,,Finance,,,
Moon Invest,Fintech,Not Live,Croatia,Andelo,"iOS + Andorid app ","Flutter ",Node.js + Next.js,"MoonApp is a tool for making infomed investments decisions with trusted friends (Crew members). MoonApp helps aspiring expert investors bridge the gap between investment hype and fundamentals and develop the mental acuity and fortitude required to naviagte volatile markets. ",https://youtu.be/hqeJnuT09wk,,,https://www.investwithmoon.com/,Yes,https://www.figma.com/file/UZo2JFdnL85hQv4Ojd73Ij/Moon-MVP?node-id=165%3A4,,,,No,,,Finance,,,
Penny Finance,"Education, Fintech, Software Development, finance, financial advisor",Live,India,,website,,,"Penny finance is the first personalized and tech-powered financial mentor for women who don’t have access to a financial advisor  and crave easy, digestible financial education and know-how to increase cash flow today, and retire with wealth tomorrow.",,,,https://www.penny-finance.com/?gclid=CjwKCAjwvdajBhBEEiwAeMh1U4-ehq0G8o09lMLrgZ0AOBMNXrzFp8Pe1q3A3wxRv2MgMGwlT3Ef0RoCjEUQAvD_BwE,,,,,,No,,,,,,
ARX (poor relationship),"Fintech, SaaS, banking, finance",Not Live,India,,,,,Saas software for banks,,,,,,,,,,No,,,,,,
Blue,"Bloomberg, Fintech, stock market, stock trading",Not Live,Croatia,,,,,Bloomberg terminal clone but it is on the stock side of things. It is still under development.,,,,,,https://www.figma.com/proto/znEIKTvZ8sU0q8u27cqv1p/Blue---UI?node-id=364-3459&scaling=min-zoom&page-id=1%3A2&starting-point-node-id=364%3A3459,,,,No,,,,,https://www.figma.com/proto/znEIKTvZ8sU0q8u27cqv1p/Blue---UI?node-id=364-3459&scaling=min-zoom&page-id=1%3A2&starting-point-node-id=364%3A3459,
"Chivas Regal- Old Trafford Manchester United ","AR/VR, immersive experience, soccer",Live,Peru,Carlos,,,,"a 360 immersive advertising experience at the point of sale where users are presented with a 3D visit to Manchester United's Old Trafford stadium. There, they are informed that through the purchase of their product they will be entered into a raffle to win a meet and greet with one of their favorite players.",,,,https://youtu.be/EeT154GU5GM,,,,,,No,,,,,,
Sodimac Peru- 3D Refridgerators,"Ecommerce, immersive experience, virtual platform",Live,Peru,Carlos,,,,"Immersive experience where users can choose a refrigerator among different brands and models to view it in a 3D environment and at the same time interact with it by opening and closing the compartments, visualizing the interior space and seeing the characteristics of every one of them.",,,,https://youtu.be/gOU8lAlrqfg,,,,,,No,,,,,,
"Collegefair ","Education, Education web portal, b2b, b2c, chat features, data sharing, marketing capabilities, marketplace, personalized accounts, record keeping, recruiting platform, recruitment, scalable platform",Live,India,Saurabh Acharya,Website,Laravel,Laravel,"College Fairs USA is a scalable web application that connects high school students and schools through virtual college fairs. It provides recruiters a chance to connect with and recruit top prospective students through private one-on-one chats and group discussions. They can share event reporting and data on all students, including transcripts of discussions that were had. Schools are able to showcase their college/university through fully branded and customized booth, including displays for digital content, brochures, personalized account support, and more. 
 ","https://www.youtube.com/watch?v=LN7kIV8zt9w, https://d2c3hglki5wb5z.cloudfront.net/assets/projects/Transparent_Render_College_Fair_New_1.webm, https://drive.google.com/file/d/1TvVe8GjoaWDIQpQSW95cyypwNaoF4Tr0/view?usp=sharing, https://drive.google.com/file/d/1W_l4g_tlAPH2PfCB3llwrykPMWk1j5KS/view",NA,NA,http://virtualcollegefairsusa.com/,Yes,https://www.figma.com/file/qJjtfxO7mrD702ocAlZKzw/CollegeFair?node-id=258%3A6194,,,Yes,Yes,,Posted,education,,,
Crypto Homes,"Real Estate, blockchain, buy and sale, crypto, marketplace",Live,India,Samreen,Website,React,Laravel,Buy and sell homes using Cryptocurrency,,,,https://cryptohomes.com,,Designs to be shared by Samreen,,,,No,,,blockchain/web3,,,
Current Real Estate- 3D apartments App,"3D, Real Estate",Live,Peru,Carlos,,,,"Mobile application to visualize apartments, get a 3D view of the property, access the photo gallery, 360 view of the property, view location map, access commercial videos, directly contact a realtor/brokerage, get directions to the property through Waze, and try out a variety of configurations for real estate spaces.",,,,https://www.youtube.com/watch?v=rqZ_Lnv3n7c,,,,,,No,,,,,,
Home Appraisal,"Real Estate, hiring platform, subcontractors",Live,,,iOS & Android,Flutter 3.0.2,Codeigniter (3),"BPO Xpress contracts photography out to local drivers. Use your cell phone, your car, and few minutes of your spare time to make as much as $70/hr completing exterior photography on vacant homes, investment properties, and apartment buildings from the exterior for banks, insurance companies, and other institutional investors.",,https://apps.apple.com/us/app/home-appraisal/id1643929698,https://play.google.com/store/apps/details?id=com.homeappraisal,,,,,,,No,,,,,,
Inmobility,Real Estate,Not Live,Uruguay,Juan & Mavi,iOS & Android,Flutter,Ruby on Rails,"We are currently building a mobile & web platform that centralizes all building management related tasks in one place. It makes both administrators and occupant's lives easier by automating long and boring manager's tasks, and also handling payments and inquiries. . ",,,,,,,,,,No,,,,,,
Kova Environment Configurator,Real Estate,Live,Peru,Carlos,,,,"3D web platform where users can change kitchen and bathroom environments with products offered by the brand such as floors, cabinets, quartz, etc. After choosing the products, a form is sent where the supplier receives the information selected by the client to generate a quote and start a conversation.",,,,https://youtu.be/Ia_9J4TWAfY,,,,,,No,,,,,,
LavaMap,"Real Estate, data analysis, data tracking, database",Not Live,India,,,,,"We augmented LavaMaps existing team to help them get their development project off the ground and thriving.  They Provide NYC real estate professionals with the best tools and data to buy, sell and close deals.",,,,https://lavamap.com/,,,,,,No,,,,,,
Reasy Market,"Real Estate, consumer products and services, marketing capabilities",Live,India,,website,AngularJS,Laravel,"Marketing tools for real estate agents. They provide quality content that's current, fresh and relevant for social media and/or farming.
They have a vast supply of Canva templates for users to choose from.",,,,https://reasymarket.com/,,,,,,No,,,,,,
Lucky Monks,"crypto, nft",Not Live,Croatia,,,,,"We helped Lucky Monks create their custom NFT minting site in record speed. We created this site so it could be built upon, just like the NFT upgradeable smart contracts involved. This allows for more flexibility in the future for utility NFTs.",,,,https://lucky-monks-fe.herokuapp.com/,Yes,https://xd.adobe.com/view/7e08b4a6-65ce-4da3-881a-1f27fbaf1551-2b5b/,,,,No,,,Crypto/NFT,,,
Mintable,"crypto, nft",Live,,,,,,"We helped Mintable create one of the first open-sea-esq platforms where you can mint your own NFTs, track important stats in the blockchain world, and even sign up for their DAO.",,,,https://mintable.app/,,,,,,No,,,,,,
Vale Unleashed NFT app,"crypto, games, nft",Not Live,Croatia,Andelo,website,"React ",Node.js,Vale Unleashed is an NFT fantasy game in which players play-to-earn PVP/PVE by participating in battles with their Vale Unleashed NFT characters. Players received various types of rewards depending on the game type. You can buy a Vale NFT today to play the game!,https://youtu.be/7u_v0v6SJK4,,,"https://valeunleashed.com ",Yes,https://www.figma.com/file/kDqWApJGc4HkJv7Jc3lwaU/BFTE---NFT?node-id=0-1,,,,No,,,Gambling,,,
Curated Logistics,"Ecommerce, booking, network, payment, service provider, subcontractors",Not Live,India,Samreen,iOS & Android,React Native,Laravel,,,https://apps.apple.com/in/app/curated-logistics/id1601629160,https://play.google.com/store/apps/details?id=com.reduxproject,,,,,,Yes,No,,,ecommerce,,,
HP Peru- Vital Ecommerce,"Ecommerce, marketing, virtual platform",Live,Peru,Carlos,,,,"is 360° virtual experience where customers can view 3D products such as tablets, laptops and printers, view features and interact with them",,,,https://www.youtube.com/watch?v=2Dj5d2LXhjc,,,,,,No,,,,,,
Plantalier (Tuilly),"Ecommerce, cms, feeds, marketplace, third party shipping platform",Live,India,Samreen,Web app,Bootstrap,Laravel,"Tuilly is a marketplace where plant lovers can learn,  engage, and transact with each other. Their users are able to buy and sell plants and plant related accessories, vote for and submit pictures to win prizes, learn through their blog posts, and receive reminder notifications for plant care.",,http://3.143.238.159/ (WIP),,https://www.tuilly.com/,,,,,,No,,,ecommerce,,,
Saga Falabella- Ecommerce AR,Ecommerce,Live,,,,,,"an ecommerce platform that allows its users to view 3D furniture. The selected product can rotate in all directions. You can zoom in to see details of the fabric or leather, change the color of the tapestry and finally through augmented reality, view the furniture in the customer's own environment.",,,,"https://www.youtube.com/watch?v=n8BTqnnBM1E ",,,,,,No,,,,,,
Givvem 🔸,"Ecommerce, giftcard",Live,India,,iOS / Android,,,"Gifting is made easy with Givvem.
Making digital gift-giving a socially, driven interaction.",,,,https://givvem.com/,,,,,,No,,,,,,
123 Stickers,"Ecommerce, redesign, retail, revamp, stickers",Live Soon,Uruguay,Juan & Mavi,web,,,This project is a complete redesign of 123Stickers. We are modernizing their website and enhancing user experience to elevate their online presence and streamline customer interactions.,https://stickers-123-user-website.web.app/#/,,,https://www.123stickers.com/,,,,,,No,,,,,,
Dwell Optimal,"Airbnb-like, Hosting, Real Estate, b2b, booking, corporate, leasing, map feature, properties, travel",Live,Croatia,Antonio,App,,,"DwellOptimal provides an alternative to the hotel experience by providing secure real estate solutions for corporate extended-stay travel. We helped them create an integrated software platform for managing utilization, controlling unit environments remotely and allowing employees to tailor elements of their live|work spaces.

Since launching, they are in the final stages of securing a round of funding while simultaneously working with us on their V2. ",,,,https://www.dwelloptimal.com/#/,,,,,,No,,,,,,
HP- Peru3D Products App,3D,Live,Peru,Carlos,,,,"Mobile app to view and interact with realistic 3D models of HP brand products such as Laptops, PCs and Printers.",,,,https://youtu.be/2Dj5d2LXhjc,,,,,,No,,,,,,
DealIXu,"community based platform, groceries / essential prodcuts, inventory management, social",Not Live,Uruguay,Juan & Mavi,iOS & Android,Flutter,Ruby on Rails,"DealIXu is an app that will help you find groceries and other essential products in nearby stores. You can also update product availability using easy upvote/downvote buttons in the app. This will help your fellow community members, neighbors and seniors easily find their day to day essentials.",,,https://play.google.com/store/apps/details?id=com.agasti.dealxu&hl=en_US&gl=US,,,,,,,No,,,,,,
Athes,"GPS/ geolocation, artificial intelligence, athletes, coach, curated content, data tracking, learning platform, marketplace, membership management , recruitment, social, sports, video analysis, virtual learning",Live,Croatia,Andelo,App,,,,"https://youtube.com/shorts/obXfvmaYrBI, https://www.youtube.com/watch?v=5RfhG9ih6JQ",https://apps.apple.com/us/app/athesai/id6451111993,https://play.google.com/store/apps/details?id=com.athes&pli=1,https://athes.io/,Yes,https://www.figma.com/file/p8leqPGLwiMRoXz6YPKLJW/New-AthesV2--V1.0?type=design&node-id=0%3A1&mode=design&t=q1dxYmAlDZNx29YK-1,,,,No,,,,https://docs.google.com/spreadsheets/d/1bKfIxXNXlljafc6f-BtmFyEc0nxlWT96G5LiZOR9Io0/edit#gid=968258116,,
Elete,"Ecommerce, artificial intelligence, augmented reality, basketball, computer vision, consumer products and services, gamification, machine learning, skill building software, sports",Live,India,Kajal,iOS Native & Website,Swift,Laravel,"Elete is the most addictive and advanced app to develop ball handling skills. Through Computer Vision, Machine Learning, and a gamification format, its users are able to acquire basketball dribbling skills and moves. It uses Augmented Reality & Apples ML Core 60+ ",https://www.youtube.com/watch?v=bYAAtegK3wE,https://apps.apple.com/us/app/elete-dribble/id1454189239?ls=1,,https://eletebasketball.com/,,,,,,Yes,,Posted,sports,,,
Flite Golf🔺,sports,Live,India,"Manish ",iOS + Web,,,"Flite Golf is a leader in modern and engaging golf
technology. Back9 app offers a proven, integrated, full-stack technology suite to operate a golf entertainment venue. Valere has been augmenting their in-house development team on their mobile and web products.

",,,,https://www.flitegolf.com/,,,,,,Yes,,,,,,
Playbook 2 devs retainer,"chat features, communication, social, sports",Live,,,,,,,,,,,,,,,,No,,,,,,
playbook connect,"chat features, communication, social, sports",Live,,Retainer,React Native,Python,DJango,"Playbook is a mobile app to communicate with all members of a team. Whether they are parents, players, all members from the organization have  the ability to chat. Playbook will allow all members of your organization the ability to chat! Whether you are a parent, player, or a coach — this is the ideal mobile app to communicate with all members of your team.",,https://apps.apple.com/us/app/playbook-connect/id1576212178,,,,,,,,No,,,,,,
Align,"athletes, social media, sports",Not Live,India,,iOS Native,,,"Aligns helps athletes get discovered. Users could monetize their likeness. ",,,,,,,,,,No,,,,,,
Practice with Pros,"Simulation software, coach, photo and video sharing, sports, website",Not Live,India,,web + Mobile,React,,"Practice with Pros was aquired. Their marketplace product connected baseball amateurs to baseball pros! We had integrated video uploading features, a content management system.. It was founded by MLB vets Scott Van Slyke & Shawn Tolleson",,,,,,,,,,No,,,,,,
Asesso Health🔺,"artificial intelligence, computer vision, dental, health tool, healthcare",Not Live,India,,,,,Valere helped design and build an application that allows users to scan their teeth with precise accuracy and then offer products or services relevant to the patient such as mouthguards and braces.,,,,,,,,,,No,,,,,,
PoachAI,"SaaS, data scraping, machine learning, recruiting platform, recruitment, sentiment score, top talent",Not Live,,Anmol,website,"Angular ",Node.js,"A web platform for recruiters to discovery ""sentiment scores"" that convey how employees feel being at their company. Used by recruiters to poach employees from companies. Uses AI that scrapes data from the web. ",,,,rapin,,,,,Yes,No,,Posted,SaaS,,,
FantasyWolf,"Ecommerce, advertise, crowdsource, fantasy sports, leagues, marketplace",Live,India,Saurabh Acharya,,Bootstrap,Laravel,"The only web marketplace where fantasy sports fans can buy and sell their fantasy sports teams at any time.  Its users have the opportunity to profit from their sales, crowdsource to make a run in fantasy sports competitions, advertise, buy and manage their teams.
",,NA,NA,https://thefantasywolf.com/,NA,,,,,No,,,"ecommerce
Fantasy sports",,,
Huddle,"fantasy sports, football",Not Live,VD,,,,,,,,,,,,,,,No,,,,,,
Fantasy World,"Education, Real Estate, Simulation software, avatar, gamification, virtual learning, virtual platform",Not Live,India,DD,iOS Application,Swift,Codeigniter,"Fantasy World uses simulation software to engage its users in real-world situations through a real estate lens.  In this virtual world users have to balance their job, pay weekly bills, and keep up with their property(ies). ",,https://apps.apple.com/us/app/pi-fantasy-world/id1564396926,,,,https://www.figma.com/proto/MRUIW1CXGTiuKpQgmZYOFm/Fantasy-World?node-id=46%3A1137&scaling=min-zoom,,,Yes,No,,,Gaming,,,
Maestro Peru- Maestra House,virtual platform,Live,Peru,Carlos,,,,"a 360 immersive experience where users can visualize a 3D-type apartment and, in turn, through an interactive menu, be able to visualize all the construction layers (electrical connections, drainage water connections, foundations, columns, flats, etc) and raise awareness about the proper construction of a home.",,,,https://youtu.be/_lLwGeFLHUc,,,,,,No,,,,,,
FlyVirga,"Navigation, Real-time reporting, chat features, graphical interface, tracking capabilities",Live,India,,iOS Native,Swift,Node.JS,"We helped FlyVirga create an app for pilots to submit real-time PIREPs for flight planning, management, and safety. Virga is aviation’s only app that allows pilots to submit PIREPs without the need for ATC or the radio.It’s used by the NAFI (National Association of Flight Instructors), and it is recognized by FAA (Federal Aviation Administration) as “The Official App to Submit PIREP Reports”.
",https://drive.google.com/file/d/1ZbTaxt8QxErUDRcgTRVQrDS-qowwZ3to/view?usp=sharing,https://apps.apple.com/ca/app/fly-virga/id1524210560,,,,,,,Yes,Yes,,Posted,aviation,,,
Foodid,"Education web portal, consumer products and services, database, food",Live,India,DD,iOS & Android Hybrid App Development,React Native,Codeigniter,"FoodID scans and searches packaged goods to identify whether or not it contains ingredients its user is trying to avoid due to allergies, intolerances, dietary restrictions, or preference. Food ID works through the use of an API called Chomp. The API provides information on products and what’s in them through the product’s barcode. They have a robust database that is primarily built through user-generated content. Additionally, users are able to use their food journal to track the effects of certain food items. ",,https://apps.apple.com/us/app/food-id/id1563342559,,https://www.foodid.biz/,,https://www.figma.com/file/415HwgAT9xj9g37txw0Ktj/FOOD_ID_FOR_DEV?node-id=0%3A1,,,Yes,No,,,food,,,
Keto 🔺,"barcode scanning capabilities, consumer products and services, data scraping, food, health and wellness, health tool",Live,India,DD,hybrid,"Flutter	 ",Laravel,This Keto app deals with over 850k database of food items,"https://youtu.be/ECwYSlbWBFs, https://drive.google.com/file/d/1LEN7B89I2hyRZaBXduWu0BkeZIj9yS0d/view",https://apps.apple.com/in/app/is-it-really-keto/id6444953138,,,,,,,,No,,,,,,
Paleo Ranch,"food, website",Live,Peru,Carlos,web,,,https://apps.apple.com/in/app/is-it-really-keto/id6444953138https://apps.apple.com/in/app/is-it-really-keto/id6444953138,,,,www.paleoranch.com,,,,,,No,,,,,,
Pop Bitties,"food, website",Not Live,Peru,Carlos,web,,,"We built Pop Bitties’ e-commerce website. It was just over 20 years ago that a passion for cooking and commitment to a healthy lifestyle inspired Mark Andrews to start a healthy pita bread sandwich cart. The cart became so popular that he decided to develop some delicious baked pita chips for customers to enjoy while waiting in the long lines. That’s how he created his first snacks, Stacy’s Pita Chips. That’s where we came in to help launch his business to the next level. ",,,,https://popbitties.com/,,,,,,No,,,,,,
Ford Argentina- Car Dealer,"3D, Ecommerce, cars, custom build",Live,Peru,Carlos,,,,"Immersive sales tool to help potential buyers visualize their chosen 3D car, showing the different characteristics and details of the bodywork and real interior view.",,,,"https://www.youtube.com/watch?v=ay-soK4mAUg ",,,,,,No,,,,,,
"Pitch ","community based platform, curated content, linked-in like, personalized matches, professional network, social media",Live,India,Samreen,iOS,React Native,Laravel,"Pitch is a professional networking community that thrives on authenticity, transparency, social connections, and fun. With Pitch, you can tell your professional story wherever you are in your journey, whether just getting started or looking to build your next team. By simply answering questions and sharing media, you can tell a unique story, connect with people you actually want to meet, and discover the coworkers and insights that lead to opportunities.

",,https://apps.apple.com/in/app/pitch-network-photo-resume/id1562945398,,https://www.pitch-app.com/,,,,,Yes,No,,,social networking,,,
Gamestock,"gambling, gaming, sports betting, stock market, stock trading",Not Live,India,Anmol,iOS Native,Swift,,"Sports betting app, similar to the stock market. It’s not live but we have figma files we could showcase through a screenshare",,,,,,,,,,No,,,sports,,,
UDDA🔺,"gambling, sports betting",Not Live,India,,,,,"UDDA is a leading and legally available sports betting solution (Mobile application and web portal). This social free-to-play sports betting app allows users to place bets on various sporting events like basketball, football, golf, hockey, etc., and win prizes. The application possesses all the features a sports betting solution must have and gives the users the thrill of betting on a live game via in-app gaming currency and soon with real dollars.",,,,,,,sports data api,,,No,,,,,,
Ultimate Odds,"fantasy sports, sports betting",Not Live,India,,,,,"Ultimate Odds is the next generation of fantasy sports, combining sports betting lines and odds with a fantasy format into one experience. All you have to do is enter a contest, pick your lineup of bets, and whoever has the highest score wins – no need to hit all your bets. Plus, Ultimate Odds offers the most competitive contests and the best interface in the industry. Sign up now and start scoring big!",https://www.youtube.com/watch?v=J3oj9az2hkc,"https://apps.apple.com/us/app/ultimate-odds/id1567202498 ",,,,,,,,No,,,,,https://whimsical.com/ultimate-odds-XzLaVDTgy6ByJSUNEyLEH8,
Investment Envelopes,"Fintech, finance",Live,India,Samreen,,React Native,Laravel/PHP,"Vivaria’s budget app allows users to take control of debts with customizable payoff strategies, enjoy unlimited budgeting categories for flexible expense management and helps users break free from paycheck to paycheck living with insights, bill management, and more.",,https://apps.apple.com/us/app/vivaria-budget/id1667816506,,,Yes,https://www.figma.com/file/ox4nFvZuzKukLvvLuOiaXE/Investment-Envelope?type=design&node-id=0-1&mode=design,,,,No,,,,,,
"Oncosalud- Commercial Material App ","Education, health and wellness, health tech, health tool, healthcare, hologram",Live,Peru,Carlos,,,,"ONCOSALUD is a mobile app that is used as an educational tool for the Oncosalud Clinicuses. With the help of 3D animations and “Holograms” of their doctors, they are able to deliver multimodal educational content, proven to be more effective over traditional teaching methods.",,,,https://youtu.be/b95PGQXZ5LI,,,,,,No,,,,,,
"Smart Survey ",healthcare,Not Live,,,,,,,,,,,,,,,,No,,,,,,
Prediction Health,"artificial intelligence, health and wellness, health tech, health tool",Live,India,,iOS Application,Swift,,"Prediction Health streamlines clinician workflows and administrator busywork to improve patient care and efficiency. 
They make documentation, compliance, and operational excellence easy through Ai-assisted medical scribing, high-quality documentation uploaded directly into the EHR, AI-generated insights to offer unprecedented visibility, increased efficiency, and compliance across therapists and clinics. ",https://youtu.be/9oWdLEIE1vQ,,,https://www.predictionhealth.com/,,,,,,No,,,,,,
Lotus,music,Live,,,,,,Lotus allows you to share all of your favorite music with all of your friends,"https://www.youtube.com/watch?v=l2AvJMiqEBM, https://drive.google.com/file/d/15Jr176wcZZN7tn_s5fWiIVNLGDz02oEw/view?usp=sharing",https://apps.apple.com/in/app/lotus-music/id1468319840,,,,,,,,No,,,,,,
"Totem ","GPS/ geolocation, algorithm, booking, chat features, concert, consumer products and services, curated content, database, feeds, immersive experience, marketing, music, personalized matches, photo and video sharing, profile, promotions, social, social media",Not Live,India,"Manish ",iOS & Android,"Flutter
.Net",,"We helped Totem build the ultimate social media platform tailored for concertgoers. Totem has several features you would find on apps like Instagram or Snapchat (Stories, Going Live, etc..), however, they also added more emphasis on matchmaking so you can find your next concert buddies. Totem came to us with half-built spaghetti code and we helped them refactor their code base and launch for their official V1 in less than 4 months.","https://www.youtube.com/watch?v=iz3bla98iKU, https://drive.google.com/file/d/1cOpEwEg4-MRIk4vEEsqB604MIyuukwj1/view?usp=drive_link",https://apps.apple.com/us/app/totem-concert-sharing/id1594315535,https://play.google.com/store/apps/details?id=com.totemapp&hl=en_US&gl=US,,,,,,,No,,,,,,
Wiliam Haynes NFT Pixel,nft,Not Live,Croatia,,,,,,,,,,,,,,,No,,,,,,
My Catholic Will,"b2b, legal, record keeping",Live,,Saurabh Acharya,Web app,React JS,Java Springboot,"My Catholic Will is designed to assist users in creating a Catholic will, emphasizing the integration of faith-based elements into their estate planning. It  offers features and functions related to drafting wills, including tools or guidance for incorporating Catholic values and practices, resources for understanding legal and religious considerations, and possibly options for planning charitable bequests or donations in line with Catholic teachings",,NA,NA,https://www.mycatholicwill.com,Yes,https://www.figma.com/file/4t6lU5R37rYqUlWN6eCXau/My-Catholic-Will-(tom)?node-id=186%3A3598,,,,No,,,Legal,,,
Naps - web app (hire a reactjs or angularjs asap),"Education, blog, book services, booking, classes, consult, consumer products and services, content enabled platform, dashboard, membership management , parenting, resource library",Live,India,Kajal,,,,"Naps is an innovative platform that offers personalized sleep solutions for babies and parents. We helped them build a platform that would manage all their paid services through a single dashboard, which includes memberships, booking consults with Acuity, courses & events, and many more such sections.",,,,https://www.nurturebynaps.com/,,,,,,No,,,,,,
"Hopps ","artificial intelligence, data scraping, marketplace, matchmaking",Live,India,,,,,"Hopps is a web app that instantly connects you with a vetted expert to help you get the job done by providing timely assistance when needed, eliminating the need for searching, interviewing, hiring, and waiting for freelancers. ",https://youtu.be/Bo_ekQMPEy8,,,https://www.hopps.io/,,,,,,No,,,,,,
Secyre,"GPS/ geolocation, on-demand, security",Live,India,Samreen,iOS & Android,"Swift - iOS 
Kotlin - Android",Laravel,We helped Secyre bring security to all businesses on-demand! The Secyre app connects businesses to a nearby physical security guard at a moment's notice. A Secyre guard gets placed on-site with the touch of a button.,https://youtu.be/e5wfnKe5SZ8,https://apps.apple.com/us/app/secyre/id1529003043,https://play.google.com/store/apps/details?id=com.Secyre.bosswebtech.secyre,,,,,,Yes,No,,,security,,,
Secyre,"GPS/ geolocation, on-demand, security",Live,,,,,,We helped Secyre bring security to all businesses on-demand! The Secyre app connects businesses to a nearby physical security guard at a moment's notice. A Secyre guard gets placed on-site with the touch of a button.,,,,,,,,,,No,,,,,,
MUSA (POC),photo and video sharing,Not Live,,,,,,Smart photo frame," https://drive.google.com/file/d/19_Bwr7-wlQ8JDo1jus3BJ2wO2LZzO0Nz/view",,,,NA,,,,,No,,,,,,
Trecco,"GPS/ geolocation, booking, consumer products and services, food, photo and video sharing, planning and coordinating, recommendation and feedback, social, travel, trendy",Live,India,Anmol,"iOS ",Swift,Laravel,"Trecco is a community-driven recommendation platform where users can share, discover and engage in real-time with friends, publishers and influencers regarding travel and food. Trecco combines the best parts of travel with awesome social and GPS features! 
","https://drive.google.com/file/d/1g8lyXNQYIqSWZBUfBSPznUc6rT3gKXyh/view?usp=drive_link, https://www.youtube.com/watch?v=JQUdDWLPNvc",https://apps.apple.com/in/app/trecco-your-travel-community/id1501824385,,,,,,,Yes,No,,Posted,travel,,,
"Vind ","booking, entertainment, food, lodging, map feature, planning and coordinating, transportation, travel, winery",Live,India,Ayush/Saurabh Acharya,"iOS ",Flutter,Laravel,"The Vind travel app is a pocket concierge that creates custom itineraries and provides curated information based on their users destination and interests. Users can choose to curate and share their itinerary using the “Create A Trip feature” or explore pre-made itineraries.
",,https://apps.apple.com/us/app/the-vind/id1608017836,NA,https://admin.thevind.com/,Yes,https://www.figma.com/file/bpMBeUDSAPIDmPNA1sHSiN/Vind?node-id=239%3A1,,,,No,Portfolio%20Log%20c69b905540664ebbafa04ab3d968184f/Valere_Labs_X_The_Vind.pdf,,travel,,,
Krystallize,"business services, planning and coordinating, productivity, travel",Live,India,Samreen,Mobile,"React Native, Express JS",,"An application that revolutionizes the way you plan an event, coordinate with a team, engage with clients, and stay connected to what and who matters most. With Krystallize save, organize and share links, media, documents, and email in one application.",,https://apps.apple.com/us/app/krystallize/id6449075628,https://play.google.com/store/apps/details?id=com.krystallize.app.live&pli=1,https://krystallize.com/,Yes,https://apps.apple.com/us/app/krystallize/id6449075628,,,,No,,,Digital Storage,,,
Hype.x,"GPS/ geolocation, map feature, photo and video sharing",Live,India,Kajal,Hybrid app,Reactive Native,"Laravel ",,,https://apps.apple.com/us/app/hype-x/id1640549458,,,,l,,,,No,,,entertainment,,,
VizRef,"advanced animation, animators, art tool, boards, catch import/export, drag and drop features, gamification, graphics and design, ipad compatibility, light/dark mode, set thumbnail, vidual reference",Live,,,iOS Native,Swift,,"VizRef is a reference board creation app for visual artists, game developers, and members of the creative community. It's a top 10 paid app in March 2020 by Apple and featured by New York Times. 4.4/5 star rating on the Apple App store with over 165 total ratings!",https://drive.google.com/file/d/1B9-nXaVVMtRPbN5WSiEZR2rYmPsf1Un9/view?usp=drive_link,https://apps.apple.com/us/app/vizref/id1482680568,,,,,,,Yes,Yes,Portfolio%20Log%20c69b905540664ebbafa04ab3d968184f/Valere_Labs_X_VizRef.pdf,Posted,Art,,,
Goalie Coach,"Education, Training, coach, content enabled platform, learning platform, on-demand videos, pre-recorded videos",Live,India,DD,Hybrid app,Flutter,"Laravel ","The training app for hockey goalies that puts a goalie coach in your pocket, no matter where in the world you are. Save goalie drills, create plans.


The Goalie Coaches App let's goalies, coaches, and parents study the game of goaltending. Inside, we cover drills and scenarios for every level of hockey goalie.",,https://apps.apple.com/in/app/goalie-coaches/id1555334353,https://play.google.com/store/apps/details?id=com.app.goalie_coaches,,,,,,,No,,,,,,
Ruth Jack Scanner,"barcode scanning capabilities, database, scanner, tracking capabilities",Not Live,India,DD,,,,,,,,,,,,,,No,,,,,,
Paydesk.ai,"ERP integration, accurate standardization, artificial intelligence, automation, computer vision, customizable workflows, data security, invoice capture, invoice processing system, payment processing, streamline workflow, user configuration, verification",Not Live,India,,web app,,,"The current manual process for invoice capture, verification, and accounting is time-consuming, error-prone, and frustrating for vendors and buyers. The lack of automation and standardized business rules results in invoice handling inconsistencies, leading to vendor payment delays and a poor customer experience. My team and I are integrating AI to allow vendors and buyers to streamline their invoice capture, verification, and payment processes. Computer vision is utilized to analyze the different fields of an invoice and determine where to send it based upon rules set by the organization; this is proven to reduce manual work and improve accuracy while enforcing standardized business rules.",,,,,Yes,https://drive.google.com/file/d/1Pspoln4RDA-0SwedGrxfUHI5xPc70wdO/view,,,,No,,,,,https://drive.google.com/drive/folders/1dk6MEdfet4nVNkoTAawZTkeEAorSB2fg?usp=drive_link,
Ensmbl,"UX/UI, learning platform",Not Live,Croatia,,,,,"We developed the UX/UI for Ensmbl, a homeschool learning platform",,,,,Yes,https://xd.adobe.com/view/676a2bea-7c2a-4a92-880c-07815c51d3f3-3239/?fullscreen&hints=off,,,,No,,,,,,
HAAS,"SaaS, UX/UI, smart home",Not Live,India,,,,,We did their discovery but the build phase never started,,,,,,,,,,No,,,,,,
Sukhi Wellness,"b2b, health and wellness, mental health",Live,India,Ayush,iOS & Android,React Native,Laravel,"Sukhi Biome is a wellness and health digital platform that offers live workshops and on-demand tools to help the modern workforce thrive in the face of challenges.
",https://drive.google.com/file/d/129xFhs_9Fm9ONJuBZCWcWPoorS7Ci835/view?usp=drive_link,https://apps.apple.com/in/app/sukhi-workplace-well-being/id1585123698,https://play.google.com/store/apps/details?id=com.sukhi.app,NA,,,,,Yes,Yes,Portfolio%20Log%20c69b905540664ebbafa04ab3d968184f/Valere_Labs_X_Sukhi.pdf,Posted,health and wellness,,,
FetchaDate,"GPS/ geolocation, animal, dating app, personalized matches, pets, social",Live,India,,,,,"saas

FetchaDate offers a unique and targeted experience for pet lovers seeking romantic connections or friendships. Its focus on the role of pets in relationships, combined with its inclusive features and founder's expertise, makes it a compelling choice for those who want their love for pets to be a central part of their dating life.",,,,https://fetchadate.com/,,,,,,No,,,,,,
Grownups dating,dating app,Live,India,Samreen,Website,,,"Most dating apps function essentially the same. However, Grownups Dating (30+ age group) includes some unique features designed to alleviate the major pain points commonly experienced on dating apps, with the goal of making Grownups the most likable dating app experience possible.",,https://apps.apple.com/in/app/grownups-dating-30/id1596440775,,,,,,,,No,,,,,,
Valere Website,"Software Development, service provider, website",Live,Peru,Gonzalo,Website,React JS,NodeJS + MongoDB,,,,,,,,,,,No,,,,,,
Project 1972,"Fintech, Software Development, social media, social network",Not Live,India,,,,,A social networking and fundraising web application that focuses on justice and equality in the workplace.,,,,https://www.1972project.org,,,,,,No,,,,,,
Basketball Simulation,"Simulation software, basketball, data analysis, desktop, sports, website",Not Live,India,Guy,Website,React,PHP,It’s a tool used for basketball sports betting to run simulated games based on real MBA current and historical data.,,,,,,,,,,No,,,,,,
Schnoz,"Yelp-like, planning and coordinating, restaurant, survey",Live,India,,ios,,,"Schnoz is the ultimate mobile application for iOS that revolutionizes your dining experience. Discover nearby restaurants and food serving establishments, all while gaining valuable insights into ventilation quality through aggregated user ratings. With Schnoz, you can finally bid farewell to unpleasant post-meal odors.",,https://apps.apple.com/us/app/id1490267010,,,,,,,,No,,,,,,
Puttrax,"Simulation software, Training, games, golf, machine learning, virtual training",Not Live,India,,,,,"PuttTrax™ 360 is a golf training & gaming system that helps golfers measure putting performance in real-time and over time. Whether practicing, playing against the game, or playing against others, Puttrax captures live putting performance, analyzes data identifying strengths-weaknesses-trends, and provides personalized coaching to help golfers practice smarter, improve faster and have more fun doing it. The app is currently in Beta. They’re in the process of raising money.",https://youtu.be/DH11NoBKvqE,,,https://puttrax.com,,,,,,No,,,,,,
Outdoor pals,"GPS/ geolocation, calendar feature, nature, outdoor",Not Live,India,,iOS,swift,,"The app to help you find outdoor activities, meet new people, and get outside!",,,,,,,,,,No,,,,,,
Tymewear,"IoT, athletes, clothing, consumer products and services, sports",Live,India,,mobile,,,"Tyme Wear is the first wearable that accurately measures endurance, and individualizes your training. This was a team augmentation job. We created their mobile app. ",,https://apps.apple.com/us/app/tyme-wear/id1479457985,,https://www.tymewear.com/,,,,,,No,,,,,,
Activate,"Donations, Fintech, SaaS, charity, community based platform, non-profit, philanthropy, politics, social media, social network",Not Live,Peru,Gonzalo,Web & Mobile,Frontend  React JS Frontend Movil: Flutter,Node JS (Nest)+ MongoDB,"Activate is a cutting-edge platform designed exclusively for nonprofits and charities, where they can seamlessly share the latest information and updates with their supporters. This platform also empowers individuals to make donations, express their support, and maintain a profile showcasing all the organizations they are actively involved with.",,,,,Yes,https://www.figma.com/file/XOtq0JWXn0p3rndy30aC7S/ACTivate-wireframe?node-id=0%3A1,,,,No,,,,,,
CrewUnlimited🔺,Uber-like,Not Live,India,,,,,Uber-like for boat crew,,,,,,,,,,No,,,,,,
Parked city,"food, food trucks, uber eats",Not Live,"Croatia, VD",,,,,,,,,,,,,,,No,,,,,,
Meet Your Psychic (disc)🔺,message,Live,Peru,,,,,"Psychic Readings from the Psychic Advisors. ",,,,https://meetyourpsychic.com/,,,,,,No,,,,,,
HitmeApp,"AR Libraries, AR kit, games, social challenges, social media, ticktock-like",Not Live,India,Ravi/ DD,,Native iOS Swift,Node.Js,"HitMeApp is a mobile iOS app that is uniquely positioned at the intersection of gaming and social media and enables the average Gen Z user to attain influence and achieve peer popularity without showing skin or spending millions. HitMeApp utilizes an addictive combination of the features that users love from gaming and social media platforms which allows users to connect, compete, and unlock fun features with their friends. 

 We developed HitMeApp from the ground up. They were able to secure a seed round post-launch and have partnered with us for ongoing support, maintenance, and future iterations. 

","https://youtu.be/w4TpBz31Xds, https://www.youtube.com/watch?v=o6uNhKMDueM",https://apps.apple.com/us/app/hitmeapp-50-game-50-social/id6451142617,,https://www.hitmeapp.com,Yes,https://www.figma.com/file/yV0xYgn9vQJbnG6Pz3Nlen/HitMeApp---UI-Design?node-id=919%3A54528&t=peVHdoopW35OI8jn-0,,,,No,,,,,,
Coachify,Coaching,Not Live,Peru,Gonzalo,,React Native,NodeJS + MongoDB,,,,,,,,,,,No,,,,https://docs.google.com/spreadsheets/d/1RY8ULi1Zt5-4P9lsJIrLMI64XhByFmDz/edit?usp=share_link&ouid=103966665285843578276&rtpof=true&sd=true,https://www.figma.com/file/4TurMuPZHZWAm0djfttTIy/Coachify?type=design&mode=design,
Anroku 🔸,"IoT, blutooth",Live,India,,,,,,,https://apps.apple.com/us/app/anroku-com/id1532384427,,,,,,,,No,,,,,,
Wolfpack Digital,"art tool, artificial intelligence, automation, business tool, graphical interface, graphics and design, marketing, marketing capabilities, open AI, virtual whiteboarding",Not Live,India,,,,,"An AI powered website that provides professional content creators and enthusiasts with downloadable deck/pitch templates and treatments based on user specified inputs, such as, themes, color palettes, genres, narrative elements, and emotions. The AI will provide users with multiple layout options based on their inputs and will learn and continue to improve its output based upon user’s selections and edits to the templates.",,,,,,https://www.figma.com/file/cnJZCgsUd2hsFFMRIPCRPo/Wxlfpack-Digital?type=design&node-id=11-1072&mode=design&t=CW1vhwsvAZKzPtRi-0,,,,No,,,,,,
4Par Golf,"AR Libraries, gaming, sports training",Live,India,Kuldeeph,mobile,,,4Par is a revolutionary mobile golf app that uses augmented reality (AR) to help track your short game statistics. They recently had the honor to present https://www.linkedin.com/company/4par/ to the https://www.linkedin.com/company/oregon-chapter-pga/,,https://apps.apple.com/mk/app/4par/id1630114311,,,,,,,,No,,,,,,
Antech,"Real-time reporting, artificial intelligence, automation, collaboration features, predictive analytics, real-time monitoring, scheduling",Not Live,Croatia,Antonio,,,,"•  Valere leads a technical discovery process, focusing on data analysis to identify potential solutions for optimizing the existing case management system. This is currently carried out manually. leading to significant time consumption on their end and inefficiencies. 
• The goal of the application is to transition from manual scheduling of cases to automated, data-driven solution. This application will enhance efficiency and provide a solid ground for expanding business operations. Moving forward, our role will involve developing an automated system to minimize manual intervention. This means from the data preparation towards the machine learning model engineering and evaluation fully tailored to this specific use case",,,,,,,,,,No,,,,,,
Campsite Tonight,,Live,,Gonzalo,,React JS,"Node
APIs in Python, Web Scrapping + Firebase",,,https://apps.apple.com/us/app/campsitetonight/id1578612896,,https://www.campsitetonight.app/,,,,,,No,,,,,,
Financial Freedom,,Live,India,Samreen,mobile,React native,Laravel/PHP,"Our Mission was to build an app with all the tools and functions you will need to reach financial freedom. We built the Epoch Financial Freedom App for you. We use real world metrics and data, to assist you in planning for the next step in your life. We put the tools in your hands. The ability to live the life of your dreams and retire on your terms, is now yours. No gimmicks, no adds, no data tracking or selling. If you are the type of person who wants to take your financial future into your own hands, this is the app for you",,https://apps.apple.com/us/app/epoch-financial/id1627059613,,,,,,,,No,,,,,,
,,Not Live,,,,,,,,,,,,,,,,No,,,,,,
,,Not Live,,,,,,,,,,,,,,,,No,,,,,,
MovieShare,"live chat, reviews, social, video streaming",Live,India,,,RactJS,Node Js Nest + MongoDB,"Movieshare is a platform that allows users to watch entertainment together as well as stream, chat live with friends, and write your own personal movie reviews !","https://www.movieshare.co/social, https://youtu.be/J_9AjjQXJRg",,,https://www.movieshare.co/,,,,,,No,,,,,,
Shopdefi,,Not Live,,,,,,ShopDeFi’s goal was to create a Shopify-esq experience for consumers who wanted to list their digital and physical products on a blockchain Shopify-esq store! !,,,,https://shopdefi.app/,,,,,,No,,,,,,
Solve,,Not Live,Uruguay,Juan & Mavi,iOS & Android,Flutter,Ruby on Rails,"Solve is a marketplace in which everyone, from clothing stores to lawyers, can offer their services and products.",,,,,,,,,,No,,,,,,
"Trecco V2 ",,Not Live,Croatia,,,,,"Trecco is a social travel recommendation platform where users can share, discover and engage in real-time with their friends. You can find your next getaway, or share your feedback on your last trip. Trecco combines the best parts of travel with awesome social and GPS features! 

They are a steadfast, long-term client, our partnership has coincided with their consistent ability to secure funding since we assumed control of their code. With a substantial user base, the platform thrives on a dynamic blend of creative content and engaging user-generated contributions.",,https://apps.apple.com/us/app/trecco-your-travel-community/id1501824385,,https://www.mytrecco.com/,Yes,https://www.figma.com/file/6uUxejqYcxIh7FdV9YYJrt/Trecco-v2.0---UI?node-id=0%3A1&t=cFmNiydy0QMFzyIb-1,,,,No,,,,,,
V1 Sports,,Live,,,,,,"Valere worked with V1 sports to build their video
analyzer feature that allowed coaches to draw on
top of athletes videos, compare videos side by side,
provide instructional voiceover, etc. After successful
completion, V1 Sports extended their contract with
Valere to augment their in-house team.",https://d2c3hglki5wb5z.cloudfront.net/assets/projects/Transparent_Render_V1.webm,,,,,,,,,Yes,,,sports,,,
Genesis Research 🔹,,Live,India,,website,,,"We assisted Genesis Research with data scraping and an AI-powered literature review platform, enhancing their RWE and HEOR services for pharmaceutical clients.",,,,https://genesisrg.com/#about,,,,,,No,,,,,,
Creator Sync,,Live,VD,,,,,"The app connects users with talented artists and their latest tracks, giving them access to a wealth of fresh and exciting music to use.",https://www.figma.com/proto/TAUuUcYkQBiDvxK6SHvuuD/Creator-Sync-Demo-(Copy)?type=design&node-id=1174-2602&scaling=scale-down&page-id=1174%3A2352&starting-point-node-id=1174%3A3704,,,https://www.creator-sync.com/,Yes,https://www.figma.com/proto/TAUuUcYkQBiDvxK6SHvuuD/Creator-Sync-Demo-(Copy)?type=design&node-id=1174-2602&scaling=scale-down&page-id=1174%3A2352&starting-point-node-id=1174%3A3704,,,,No,,,,,,
The Outfit Formulas® Style Guides,"Ecommerce, algorithm, curated content, database, directory, fashion and beauty, formula, personalized accounts, push notification, retail, shopping",Live,Uruguay,Juan,Web & mobile,,,The Outfit Formulas® Style Guides  simplifies fashion much like meal planning simplifies cooking.,,https://apps.apple.com/uy/app/outfit-formulas/id6447664832,,https://outfit-formulas-leading-page.web.app/,,,,,,No,,,,,,
Shell🔺,,Not Live,India,,,,,UX/UI internal admin management system,,,,,,,,,,No,,,,,,
CRQL,"anonymous following, content creation, gallery, invoice processing system, private feed, share posts, social, social media, social network, voting feature",Live,India,Atharva,Mobile,,,"
Social media app for your closest friend group. Share posts with confidence, explore groups, create memories, vote, & form a pact with your friends.",,https://apps.apple.com/us/app/crql/id1577103617,,,Yes,"https://www.figma.com/file/1T0ehXy1cpPoOwfkoXMcdw/CRQL-%7C-App-Design?type=design&node-id=2-18297&mode=design&t=UvhtNq3ZCzG3dX55-0 , ",,,,No,,,,,,
RacquetPass,"QR scanning, bootstrap, classes, custom orders, html, inventory management, javascript, jquery, mobile/desktop, notifications, responsive webapp, text reminders, tracking capabilities",Live,India,"kuldeepsingh Chauhan, Suraj Dhakad",mobile/ web app,"laravel, Bootstrap",laravel,"RacquetPass is cutting-edge platform designed to liberate racquet service shops from tedious paperwork, providing an efficient solution for inventory management and payments. Redefining Customer Experience: RacquetPass offers players a seamless experience—simply scan the QR code on their racquet and effortlessly input contact details, racquet specifications, and string preferences. The hassle of waiting in long lines is eliminated as players conveniently submit their information and store their racquets with ease. Empowering Shops with Control: RacquetPass provides racquet service shops with unparalleled convenience, granting complete control over order management and inventory management. Scanning racquets marks them as in progress or completed, triggering automatic notifications to players for pick-up.The platform provides shops with a versatile panel for customization. Updating string inventory becomes a breeze with a master list, enabling one-click changes. Shops can add, edit, or delete string information and offer players additional purchasing options for grips, balls, and bumper guards. Scheduling pick-up times adds further flexibility for players. RacquetPass streamlines the entire process, allowing shops to handle current and completed racquet repair orders seamlessly. The platform’s user-friendly interface and innovative features redefine the racquet service industry, providing a win-win for both shops and players.Embark on a new era of racquet service efficiency with RacquetPass — where technology meets racquet sports for an unparalleled customer and business experience.","https://drive.google.com/drive/folders/1zRfQUonu1KYuf3UbdBKz7pJ-54JS6QqH, https://vimeo.com/825664862, https://vimeo.com/836495216",,,https://racquetpass.com/,Yes,https://www.figma.com/file/zh6arEMmYTm4zSJWKRMJ0l/RacquetPassEdits?type=design&node-id=256-15796&mode=design&t=QwoszRSTl8m7ZiTb-0,,,,No,,,,,,
Cadence 🔸,,Live,India,,,,,,,,,,,,,,,No,,,,,,
Daylight (Caylent) UX/UI🔺,"SaaS, team augmentation, trucking industry",Live,VD,,,,,"Backed by venture capital, this prominent player in the trucking industry is on the brink of a significant team expansion through our collaboration. The company, a leader in the trucking space, operates under the radar, but their innovative SaaS product speaks volumes about their impact and potential.",,,,,,,,,,No,,,,,,
Update my doctor,,Not Live,India,Anmol,,,,"We’re building a revolutionary Doctor-Patient Communication Tool that empowers patients to submit questionnaires directly to their doctors, fostering enhanced transparency and regular data exchange during the recovery process. Our cutting-edge platform aims to minimize readmissions by promoting seamless communication and improved insights into patients' progress.",,,,,,,,,,No,,,,,,
"TDRepay ",,Not Live,Uruguay,,,,,Mobile app that allows users to upload ticket information to track delayed and canceled routes from public transportation APIs,,,,,,https://www.figma.com/file/HGCxa5r7UHNwczUoyqpsBh/TDRepay?type=design&node-id=0-1&mode=design&t=Q0vhM4ulYCdHxGxi-0,,,,No,,,,https://docs.google.com/document/d/1HtXKj1V-KkMX4HJx3HDagBcRd7GxTeEw/edit?usp=sharing&ouid=103966665285843578276&rtpof=true&sd=true,,
SpamBusters,,Not Live,,,,,,"Through the SpamBuster app, users can build cases against spammers and potentially collect damages, all while receiving updates on the progress of their cases through the app's user-friendly interface the following way",,,,,,,,,,No,,,,,,
Social KNKT,,Not Live,,,,,,"SocialKNKT is a dynamic social networking platform that reimagines social media by emphasizing authentic connections, knowledge sharing, and philanthropy. Combining the best features of popular platforms like Facebook, Instagram, and Reddit, it offers users the chance to engage with friends, content creators, and non-profit causes. SocialKNKT is more than just a social network; it's a community-driven platform dedicated to fostering genuine connections and making a positive impact on society.",,,,,,,,,,No,,,,,https://docs.google.com/presentation/d/16qKSatDq7AG_V1ws7C4WatRHNOePWTIKLhld5RVyhN0/edit?usp=sharing,
Unspokenn,,Not Live,,,,,,"Unspokenn is a platform designed to empower individuals like you to make a difference in our community. Here, you can anonymously report various incidents to promote safety and accountability.Our secure platform ensures your privacy throughout the reporting process, encouraging you to share your experiences without fear of retaliation or judgment. By amplifying your voice, you contribute to creating a safer environment for everyone.",,,,,,https://www.figma.com/file/HkOIxSOMfwVIDUjCCgig8I/Master-Figma-AYMUOS-Project?type=design&node-id=3-10&mode=design&t=loWPJmR5HaWVu06h-0,,,,No,,,,,,
Second Base,sports,Not Live,,,,,,,,,,,,,,,,No,,,,,https://whimsical.com/second-base-PMjEUCk2DtqY9y5io2CSTx,
Genie,"Accounting, Fintech",Not Live,,,,,,Accounting software,,,,,,,,,,No,,,,,,
Recommend,"Ecommerce, consumer products and services, electronics and sports, fashion and beauty, groceries / essential prodcuts, influencers, recommendation and feedback, retail, shopping, social",Live,VD,,,,,"Recommend.co has over 600 creators and influencers on the platform. Raised 1.5m. We augment their in-house team to build their apps. Recommend is a social shopping platform where you can discover recommendations from people you trust for the best products in different categories, from fashion and beauty to electronics and sports. Besides that, Recommend empowers content creators to monetize their content by sharing shopping recommendations with their followers. ",,https://apps.apple.com/hr/app/recommend-shop-with/id1660059050,https://play.google.com/store/apps/details?id=com.recommend.mobile&pli=1,https://www.recommend.co/en-US,,,,,,No,,,,,,
Pick a pot,,Live Soon,,,,,,We're taking over code and getting it live.,,,,,,,,,,No,,,,,,
,,Not Live,,,,,,,,,,,,,,,,No,,,,,,
MeteorAI,"Industry-Leading Provider, Productivity Enhancement, Seamless AI Integration, Targeted Lead Generation, artificial intelligence, caylent, content creation",Not Live,VD,,,,,"This is a Caylent Project. We are augmenting their team to help a client that is a leading provider of AI automation and targeted Lead Generation solutions for startups. Our AI tools streamline operations, enhance productivity, and optimize customer engagement, driving business growth. ",,,,,,,,,,No,,,,,https://www.figma.com/file/9ijBrn8JBrJU0t0geqhndR/Meteor-AI---UI?type=design&node-id=1-3&mode=design&t=ztfnE6Qd16ZVpixR-0,
panoramic,,Not Live,,,,,,,,,,,,,,,,No,,,,,,
MeteorAI,"ChatGPT, GenAI Framework, Productivity Enhancement, artificial intelligence, career pathways, collaboration features, competitive advantage, compliance measures, cost-effective pricing structure, custom model, data privacy measures, ready to use templates, real-time monitoring, scalable platform, sharing features, training resources",Not Live,VD,Alex,,,,"MeteorAI, powered by AWS, revolutionizes business use of generative AI with a customized version of ChatGPT integrated into your AWS account. It combines the security of AWS Bedrock with the flexibility of custom models, offering a tailored AI solution for your company's unique http://needs.It It enhances productivity by up to 66%, Allows for the creation of custom GenAI solutions, aligning the AI’s capabilities with your specific use cases, and it stands out as a transformative tool, ensuring quick implementation, with an accessible interface. We augmented their team as their design partner. ",,,,,Yes,https://www.figma.com/file/9ijBrn8JBrJU0t0geqhndR/Meteor-AI---UI?type=design&node-id=0%3A1&mode=design&t=S3LuyeUqh69B036S-1,,,,No,,,,,,
,,Not Live,,,,,,,,,,,,,,,,No,,,,,,
,,Not Live,,,,,,,,,,,,,,,,No,,,,,,
,,Not Live,,,,,,,,,,,,,,,,No,,,,,,
,,Not Live,,,,,,,,,,,,,,,,No,,,,,,